title,description
Task 1,Description for task 1
Task 2,Description for task 2
Task 3,Description for task 3
Task 4,Description for task 4
Task 5,Description for task 5
Task 6,Description for task 6
Task 7,Description for task 7
Task 8,Description for task 8
Task 9,Description for task 9
Task 10,Description for task 10
Task 11,Description for task 11
Task 12,Description for task 12
Task 13,Description for task 13
Task 14,Description for task 14
Task 15,Description for task 15
Task 16,Description for task 16
Task 17,Description for task 17
Task 18,Description for task 18
Task 19,Description for task 19
Task 20,Description for task 20
Task 21,Description for task 21
Task 22,Description for task 22
Task 23,Description for task 23
Task 24,Description for task 24
Task 25,Description for task 25
Task 26,Description for task 26
Task 27,Description for task 27
Task 28,Description for task 28
Task 29,Description for task 29
Task 30,Description for task 30
Task 31,Description for task 31
Task 32,Description for task 32
Task 33,Description for task 33
Task 34,Description for task 34
Task 35,Description for task 35
Task 36,Description for task 36
Task 37,Description for task 37
Task 38,Description for task 38
Task 39,Description for task 39
Task 40,Description for task 40
Task 41,Description for task 41
Task 42,Description for task 42
Task 43,Description for task 43
Task 44,Description for task 44
Task 45,Description for task 45
Task 46,Description for task 46
Task 47,Description for task 47
Task 48,Description for task 48
Task 49,Description for task 49
Task 50,Description for task 50
Task 51,Description for task 51
Task 52,Description for task 52
Task 53,Description for task 53
Task 54,Description for task 54
Task 55,Description for task 55
Task 56,Description for task 56
Task 57,Description for task 57
Task 58,Description for task 58
Task 59,Description for task 59
Task 60,Description for task 60
Task 61,Description for task 61
Task 62,Description for task 62
Task 63,Description for task 63
Task 64,Description for task 64
Task 65,Description for task 65
Task 66,Description for task 66
Task 67,Description for task 67
Task 68,Description for task 68
Task 69,Description for task 69
Task 70,Description for task 70
Task 71,Description for task 71
Task 72,Description for task 72
Task 73,Description for task 73
Task 74,Description for task 74
Task 75,Description for task 75
Task 76,Description for task 76
Task 77,Description for task 77
Task 78,Description for task 78
Task 79,Description for task 79
Task 80,Description for task 80
Task 81,Description for task 81
Task 82,Description for task 82
Task 83,Description for task 83
Task 84,Description for task 84
Task 85,Description for task 85
Task 86,Description for task 86
Task 87,Description for task 87
Task 88,Description for task 88
Task 89,Description for task 89
Task 90,Description for task 90
Task 91,Description for task 91
Task 92,Description for task 92
Task 93,Description for task 93
Task 94,Description for task 94
Task 95,Description for task 95
Task 96,Description for task 96
Task 97,Description for task 97
Task 98,Description for task 98
Task 99,Description for task 99
Task 100,Description for task 100